x position,y position,Simulation Output (°C),Analytical Output (°C),Absolute error (%),Relative error (%)
-0.9310344827586207,-0.9310344827586207,-29.7018087618077,NaN,NaN,NaN
-0.9310344827586207,-0.8620689655172413,-26.164615830011304,NaN,NaN,NaN
-0.9310344827586207,-0.7931034482758621,-23.396251682197615,NaN,NaN,NaN
-0.9310344827586207,-0.7241379310344828,-21.044587000441584,NaN,NaN,NaN
-0.9310344827586207,-0.6551724137931034,-18.877752489595952,NaN,NaN,NaN
-0.9310344827586207,-0.5862068965517241,-16.782745432897162,NaN,NaN,NaN
-0.9310344827586207,-0.5172413793103449,-14.740647043750599,NaN,NaN,NaN
-0.9310344827586207,-0.4482758620689655,-12.753446087051254,NaN,NaN,NaN
-0.9310344827586207,-0.3793103448275862,-10.824287366897206,NaN,NaN,NaN
-0.9310344827586207,-0.3103448275862069,-8.934396917034842,NaN,NaN,NaN
-0.9310344827586207,-0.2413793103448276,-6.971246650054138,NaN,NaN,NaN
-0.9310344827586207,-0.1724137931034483,-5.114864163672232,NaN,NaN,NaN
-0.9310344827586207,-0.10344827586206896,-3.190172242084708,NaN,NaN,NaN
-0.9310344827586207,-0.034482758620689655,-1.3708159301844958,NaN,NaN,NaN
-0.9310344827586207,0.034482758620689655,0.4304044559900812,NaN,NaN,NaN
-0.9310344827586207,0.10344827586206896,2.216638455720374,NaN,NaN,NaN
-0.9310344827586207,0.1724137931034483,4.025771992721157,NaN,NaN,NaN
-0.9310344827586207,0.2413793103448276,5.721819818310467,NaN,NaN,NaN
-0.9310344827586207,0.3103448275862069,7.426565919501584,NaN,NaN,NaN
-0.9310344827586207,0.3793103448275862,9.041634372280091,NaN,NaN,NaN
-0.9310344827586207,0.4482758620689655,10.5372535972624,NaN,NaN,NaN
-0.9310344827586207,0.5172413793103449,11.85464977022605,NaN,NaN,NaN
-0.9310344827586207,0.5862068965517241,13.09823013129162,NaN,NaN,NaN
-0.9310344827586207,0.6551724137931034,13.929120579537805,NaN,NaN,NaN
-0.9310344827586207,0.7241379310344828,14.250136120207605,NaN,NaN,NaN
-0.9310344827586207,0.7931034482758621,13.744281231173526,NaN,NaN,NaN
-0.9310344827586207,0.8620689655172413,11.398230241397306,NaN,NaN,NaN
-0.9310344827586207,0.9310344827586207,4.71178677152124,NaN,NaN,NaN
-0.8620689655172413,-0.9310344827586207,-28.99988225395287,NaN,NaN,NaN
-0.8620689655172413,-0.8620689655172413,-25.595803019701414,NaN,NaN,NaN
-0.8620689655172413,-0.7931034482758621,-22.773182846084076,NaN,NaN,NaN
-0.8620689655172413,-0.7241379310344828,-20.32921444752537,NaN,NaN,NaN
-0.8620689655172413,-0.6551724137931034,-18.111835750961607,NaN,NaN,NaN
-0.8620689655172413,-0.5862068965517241,-16.0584972910169,NaN,NaN,NaN
-0.8620689655172413,-0.5172413793103449,-14.094994789009215,NaN,NaN,NaN
-0.8620689655172413,-0.4482758620689655,-12.180836450935558,NaN,NaN,NaN
-0.8620689655172413,-0.3793103448275862,-10.336945542043495,NaN,NaN,NaN
-0.8620689655172413,-0.3103448275862069,-8.52244320830488,NaN,NaN,NaN
-0.8620689655172413,-0.2413793103448276,-6.7527098179737255,NaN,NaN,NaN
-0.8620689655172413,-0.1724137931034483,-4.983419917259164,NaN,NaN,NaN
-0.8620689655172413,-0.10344827586206896,-3.322046121991203,NaN,NaN,NaN
-0.8620689655172413,-0.034482758620689655,-1.6236806236314714,NaN,NaN,NaN
-0.8620689655172413,0.034482758620689655,0.0039535865280660425,NaN,NaN,NaN
-0.8620689655172413,0.10344827586206896,1.6149377112590682,NaN,NaN,NaN
-0.8620689655172413,0.1724137931034483,3.137222842184901,NaN,NaN,NaN
-0.8620689655172413,0.2413793103448276,4.629458797850853,NaN,NaN,NaN
-0.8620689655172413,0.3103448275862069,5.973505714174474,NaN,NaN,NaN
-0.8620689655172413,0.3793103448275862,7.256429813910327,NaN,NaN,NaN
-0.8620689655172413,0.4482758620689655,8.385151308453365,NaN,NaN,NaN
-0.8620689655172413,0.5172413793103449,9.316778884273392,NaN,NaN,NaN
-0.8620689655172413,0.5862068965517241,9.786225527688815,NaN,NaN,NaN
-0.8620689655172413,0.6551724137931034,9.874297380010143,NaN,NaN,NaN
-0.8620689655172413,0.7241379310344828,9.370372604526953,NaN,NaN,NaN
-0.8620689655172413,0.7931034482758621,7.533022660698931,NaN,NaN,NaN
-0.8620689655172413,0.8620689655172413,3.9197808398416014,NaN,NaN,NaN
-0.8620689655172413,0.9310344827586207,-3.114025593632271,NaN,NaN,NaN
-0.7931034482758621,-0.9310344827586207,-27.404396807900923,NaN,NaN,NaN
-0.7931034482758621,-0.8620689655172413,-24.392171866403725,NaN,NaN,NaN
-0.7931034482758621,-0.7931034482758621,-21.76138160408046,NaN,NaN,NaN
-0.7931034482758621,-0.7241379310344828,-19.33134009986733,NaN,NaN,NaN
-0.7931034482758621,-0.6551724137931034,-17.26515719760457,NaN,NaN,NaN
-0.7931034482758621,-0.5862068965517241,-15.262920553670222,NaN,NaN,NaN
-0.7931034482758621,-0.5172413793103449,-13.373897834690553,NaN,NaN,NaN
-0.7931034482758621,-0.4482758620689655,-11.565483173184873,NaN,NaN,NaN
-0.7931034482758621,-0.3793103448275862,-9.841094327904353,NaN,NaN,NaN
-0.7931034482758621,-0.3103448275862069,-8.15844520529701,NaN,NaN,NaN
-0.7931034482758621,-0.2413793103448276,-6.5699548016055305,NaN,NaN,NaN
-0.7931034482758621,-0.1724137931034483,-4.906497706052488,NaN,NaN,NaN
-0.7931034482758621,-0.10344827586206896,-3.377881765837665,NaN,NaN,NaN
-0.7931034482758621,-0.034482758620689655,-1.856694003015934,NaN,NaN,NaN
-0.7931034482758621,0.034482758620689655,-0.32596658734800665,NaN,NaN,NaN
-0.7931034482758621,0.10344827586206896,0.9672112528785453,NaN,NaN,NaN
-0.7931034482758621,0.1724137931034483,2.358986573608375,NaN,NaN,NaN
-0.7931034482758621,0.2413793103448276,3.5574528032507353,NaN,NaN,NaN
-0.7931034482758621,0.3103448275862069,4.704399467284084,NaN,NaN,NaN
-0.7931034482758621,0.3793103448275862,5.676782974075091,NaN,NaN,NaN
-0.7931034482758621,0.4482758620689655,6.455154611793813,NaN,NaN,NaN
-0.7931034482758621,0.5172413793103449,6.8771472029664125,NaN,NaN,NaN
-0.7931034482758621,0.5862068965517241,6.969835662614467,NaN,NaN,NaN
-0.7931034482758621,0.6551724137931034,6.596741026796235,NaN,NaN,NaN
-0.7931034482758621,0.7241379310344828,5.346094494425342,NaN,NaN,NaN
-0.7931034482758621,0.7931034482758621,3.1593360802188046,NaN,NaN,NaN
-0.7931034482758621,0.8620689655172413,-0.6913037243101738,NaN,NaN,NaN
-0.7931034482758621,0.9310344827586207,-6.307522114758429,NaN,NaN,NaN
-0.7241379310344828,-0.9310344827586207,-25.404032866094802,NaN,NaN,NaN
-0.7241379310344828,-0.8620689655172413,-22.830453612653972,NaN,NaN,NaN
-0.7241379310344828,-0.7931034482758621,-20.413238523063264,NaN,NaN,NaN
-0.7241379310344828,-0.7241379310344828,-18.22712266328876,NaN,NaN,NaN
-0.7241379310344828,-0.6551724137931034,-16.201620462199724,NaN,NaN,NaN
-0.7241379310344828,-0.5862068965517241,-14.392438380427427,NaN,NaN,NaN
-0.7241379310344828,-0.5172413793103449,-12.5613563165664,NaN,NaN,NaN
-0.7241379310344828,-0.4482758620689655,-10.834727009248462,NaN,NaN,NaN
-0.7241379310344828,-0.3793103448275862,-9.374327994022265,NaN,NaN,NaN
-0.7241379310344828,-0.3103448275862069,-7.7623086455684245,NaN,NaN,NaN
-0.7241379310344828,-0.2413793103448276,-6.198167226633543,NaN,NaN,NaN
-0.7241379310344828,-0.1724137931034483,-4.812801554982238,NaN,NaN,NaN
-0.7241379310344828,-0.10344827586206896,-3.346974101544267,NaN,NaN,NaN
-0.7241379310344828,-0.034482758620689655,-1.9959573611540222,NaN,NaN,NaN
-0.7241379310344828,0.034482758620689655,-0.7095015520401226,NaN,NaN,NaN
-0.7241379310344828,0.10344827586206896,0.5245049941308423,NaN,NaN,NaN
-0.7241379310344828,0.1724137931034483,1.6926618067411865,NaN,NaN,NaN
-0.7241379310344828,0.2413793103448276,2.7078201864632803,NaN,NaN,NaN
-0.7241379310344828,0.3103448275862069,3.5739172268678976,NaN,NaN,NaN
-0.7241379310344828,0.3793103448275862,4.269781362204303,NaN,NaN,NaN
-0.7241379310344828,0.4482758620689655,4.679636619175956,NaN,NaN,NaN
-0.7241379310344828,0.5172413793103449,4.917699959869485,NaN,NaN,NaN
-0.7241379310344828,0.5862068965517241,4.699083831972741,NaN,NaN,NaN
-0.7241379310344828,0.6551724137931034,3.966185930604722,NaN,NaN,NaN
-0.7241379310344828,0.7241379310344828,2.5903811562087715,NaN,NaN,NaN
-0.7241379310344828,0.7931034482758621,0.41722233781449763,NaN,NaN,NaN
-0.7241379310344828,0.8620689655172413,-3.0288529401226234,NaN,NaN,NaN
-0.7241379310344828,0.9310344827586207,-7.603925137025916,NaN,NaN,NaN
-0.6551724137931034,-0.9310344827586207,-23.22792082098575,NaN,NaN,NaN
-0.6551724137931034,-0.8620689655172413,-20.96820810467667,NaN,NaN,NaN
-0.6551724137931034,-0.7931034482758621,-18.86084186554839,NaN,NaN,NaN
-0.6551724137931034,-0.7241379310344828,-16.94649347793501,NaN,NaN,NaN
-0.6551724137931034,-0.6551724137931034,-15.112074310929867,NaN,NaN,NaN
-0.6551724137931034,-0.5862068965517241,-13.318728491526581,NaN,NaN,NaN
-0.6551724137931034,-0.5172413793103449,-11.679814404070921,NaN,NaN,NaN
-0.6551724137931034,-0.4482758620689655,-10.209083990324569,NaN,NaN,NaN
-0.6551724137931034,-0.3793103448275862,-8.686497004744277,NaN,NaN,NaN
-0.6551724137931034,-0.3103448275862069,-7.2959622715127965,NaN,NaN,NaN
-0.6551724137931034,-0.2413793103448276,-5.892259965858296,NaN,NaN,NaN
-0.6551724137931034,-0.1724137931034483,-4.574943301139146,NaN,NaN,NaN
-0.6551724137931034,-0.10344827586206896,-3.37352659561859,NaN,NaN,NaN
-0.6551724137931034,-0.034482758620689655,-2.124431128507015,NaN,NaN,NaN
-0.6551724137931034,0.034482758620689655,-0.9704994071541642,NaN,NaN,NaN
-0.6551724137931034,0.10344827586206896,0.023619831503424123,NaN,NaN,NaN
-0.6551724137931034,0.1724137931034483,1.0815338420247054,NaN,NaN,NaN
-0.6551724137931034,0.2413793103448276,1.818784935710249,NaN,NaN,NaN
-0.6551724137931034,0.3103448275862069,2.547652067629754,NaN,NaN,NaN
-0.6551724137931034,0.3793103448275862,3.0528701764664326,NaN,NaN,NaN
-0.6551724137931034,0.4482758620689655,3.3820768212742878,NaN,NaN,NaN
-0.6551724137931034,0.5172413793103449,3.286874979589802,NaN,NaN,NaN
-0.6551724137931034,0.5862068965517241,2.9892125798917197,NaN,NaN,NaN
-0.6551724137931034,0.6551724137931034,1.988212190252541,NaN,NaN,NaN
-0.6551724137931034,0.7241379310344828,0.6770189159749007,NaN,NaN,NaN
-0.6551724137931034,0.7931034482758621,-1.4588870614467973,NaN,NaN,NaN
-0.6551724137931034,0.8620689655172413,-4.313364629093257,NaN,NaN,NaN
-0.6551724137931034,0.9310344827586207,-7.885105654794737,NaN,NaN,NaN
-0.5862068965517241,-0.9310344827586207,-20.937966114311227,NaN,NaN,NaN
-0.5862068965517241,-0.8620689655172413,-18.99271550986011,NaN,NaN,NaN
-0.5862068965517241,-0.7931034482758621,-17.210404271228107,NaN,NaN,NaN
-0.5862068965517241,-0.7241379310344828,-15.400247967671561,NaN,NaN,NaN
-0.5862068965517241,-0.6551724137931034,-13.733493563135283,NaN,NaN,NaN
-0.5862068965517241,-0.5862068965517241,-12.266781577279238,NaN,NaN,NaN
-0.5862068965517241,-0.5172413793103449,-10.830271561268752,NaN,NaN,NaN
-0.5862068965517241,-0.4482758620689655,-9.364981235742855,NaN,NaN,NaN
-0.5862068965517241,-0.3793103448275862,-8.012215174490379,NaN,NaN,NaN
-0.5862068965517241,-0.3103448275862069,-6.658073332427411,NaN,NaN,NaN
-0.5862068965517241,-0.2413793103448276,-5.520321330712585,NaN,NaN,NaN
-0.5862068965517241,-0.1724137931034483,-4.275105149449343,NaN,NaN,NaN
-0.5862068965517241,-0.10344827586206896,-3.218437505055074,NaN,NaN,NaN
-0.5862068965517241,-0.034482758620689655,-2.113112253918294,NaN,NaN,NaN
-0.5862068965517241,0.034482758620689655,-1.1586573950782473,NaN,NaN,NaN
-0.5862068965517241,0.10344827586206896,-0.20505770966746456,NaN,NaN,NaN
-0.5862068965517241,0.1724137931034483,0.5157703555923735,NaN,NaN,NaN
-0.5862068965517241,0.2413793103448276,1.2091543525248736,NaN,NaN,NaN
-0.5862068965517241,0.3103448275862069,1.7659840907632105,NaN,NaN,NaN
-0.5862068965517241,0.3793103448275862,2.138965799578844,NaN,NaN,NaN
-0.5862068965517241,0.4482758620689655,2.3018162259469563,NaN,NaN,NaN
-0.5862068965517241,0.5172413793103449,2.174670970778458,NaN,NaN,NaN
-0.5862068965517241,0.5862068965517241,1.537636063629103,NaN,NaN,NaN
-0.5862068965517241,0.6551724137931034,0.7267876361794254,NaN,NaN,NaN
-0.5862068965517241,0.7241379310344828,-0.6196846456052933,NaN,NaN,NaN
-0.5862068965517241,0.7931034482758621,-2.402391618275533,NaN,NaN,NaN
-0.5862068965517241,0.8620689655172413,-4.894096019172467,NaN,NaN,NaN
-0.5862068965517241,0.9310344827586207,-7.682942024915029,NaN,NaN,NaN
-0.5172413793103449,-0.9310344827586207,-18.570080001455935,NaN,NaN,NaN
-0.5172413793103449,-0.8620689655172413,-16.90850546437611,NaN,NaN,NaN
-0.5172413793103449,-0.7931034482758621,-15.371494186743984,NaN,NaN,NaN
-0.5172413793103449,-0.7241379310344828,-13.84148971700427,NaN,NaN,NaN
-0.5172413793103449,-0.6551724137931034,-12.34101716687194,NaN,NaN,NaN
-0.5172413793103449,-0.5862068965517241,-11.02526336250155,NaN,NaN,NaN
-0.5172413793103449,-0.5172413793103449,-9.697583347209342,NaN,NaN,NaN
-0.5172413793103449,-0.4482758620689655,-8.514654314796024,NaN,NaN,NaN
-0.5172413793103449,-0.3793103448275862,-7.294152598809864,NaN,NaN,NaN
-0.5172413793103449,-0.3103448275862069,-6.100963889339975,NaN,NaN,NaN
-0.5172413793103449,-0.2413793103448276,-5.129687018135856,NaN,NaN,NaN
-0.5172413793103449,-0.1724137931034483,-4.049844328181267,NaN,NaN,NaN
-0.5172413793103449,-0.10344827586206896,-3.0192838794701395,NaN,NaN,NaN
-0.5172413793103449,-0.034482758620689655,-2.1826751714605326,NaN,NaN,NaN
-0.5172413793103449,0.034482758620689655,-1.189604113058052,NaN,NaN,NaN
-0.5172413793103449,0.10344827586206896,-0.4544576507073816,NaN,NaN,NaN
-0.5172413793103449,0.1724137931034483,0.19722106954429955,NaN,NaN,NaN
-0.5172413793103449,0.2413793103448276,0.7701864093063671,NaN,NaN,NaN
-0.5172413793103449,0.3103448275862069,1.1722476238643136,NaN,NaN,NaN
-0.5172413793103449,0.3793103448275862,1.3736517295895792,NaN,NaN,NaN
-0.5172413793103449,0.4482758620689655,1.4470784759282724,NaN,NaN,NaN
-0.5172413793103449,0.5172413793103449,1.1623242305318349,NaN,NaN,NaN
-0.5172413793103449,0.5862068965517241,0.7189101527674201,NaN,NaN,NaN
-0.5172413793103449,0.6551724137931034,-0.1998099400957809,NaN,NaN,NaN
-0.5172413793103449,0.7241379310344828,-1.3624924899644986,NaN,NaN,NaN
-0.5172413793103449,0.7931034482758621,-2.928774136166065,NaN,NaN,NaN
-0.5172413793103449,0.8620689655172413,-4.988100666424183,NaN,NaN,NaN
-0.5172413793103449,0.9310344827586207,-7.177710413078957,NaN,NaN,NaN
-0.4482758620689655,-0.9310344827586207,-16.187838658889834,NaN,NaN,NaN
-0.4482758620689655,-0.8620689655172413,-14.804364590621272,NaN,NaN,NaN
-0.4482758620689655,-0.7931034482758621,-13.520556022950199,NaN,NaN,NaN
-0.4482758620689655,-0.7241379310344828,-12.13821052253183,NaN,NaN,NaN
-0.4482758620689655,-0.6551724137931034,-10.949483783319177,NaN,NaN,NaN
-0.4482758620689655,-0.5862068965517241,-9.728190448593221,NaN,NaN,NaN
-0.4482758620689655,-0.5172413793103449,-8.629794829307142,NaN,NaN,NaN
-0.4482758620689655,-0.4482758620689655,-7.573475819907782,NaN,NaN,NaN
-0.4482758620689655,-0.3793103448275862,-6.525350200512362,NaN,NaN,NaN
-0.4482758620689655,-0.3103448275862069,-5.553378766665672,NaN,NaN,NaN
-0.4482758620689655,-0.2413793103448276,-4.580215874248605,NaN,NaN,NaN
-0.4482758620689655,-0.1724137931034483,-3.650246904840383,NaN,NaN,NaN
-0.4482758620689655,-0.10344827586206896,-2.860968281549384,NaN,NaN,NaN
-0.4482758620689655,-0.034482758620689655,-2.0604242794362193,NaN,NaN,NaN
-0.4482758620689655,0.034482758620689655,-1.2537111188081145,NaN,NaN,NaN
-0.4482758620689655,0.10344827586206896,-0.5401715523221288,NaN,NaN,NaN
-0.4482758620689655,0.1724137931034483,-0.04213927252536719,NaN,NaN,NaN
-0.4482758620689655,0.2413793103448276,0.37314589531050313,NaN,NaN,NaN
-0.4482758620689655,0.3103448275862069,0.7080455161724601,NaN,NaN,NaN
-0.4482758620689655,0.3793103448275862,0.8884366553812472,NaN,NaN,NaN
-0.4482758620689655,0.4482758620689655,0.869702656701576,NaN,NaN,NaN
-0.4482758620689655,0.5172413793103449,0.5717159207177503,NaN,NaN,NaN
-0.4482758620689655,0.5862068965517241,0.19126040239317266,NaN,NaN,NaN
-0.4482758620689655,0.6551724137931034,-0.635468806964178,NaN,NaN,NaN
-0.4482758620689655,0.7241379310344828,-1.6621167759961146,NaN,NaN,NaN
-0.4482758620689655,0.7931034482758621,-3.035384766083996,NaN,NaN,NaN
-0.4482758620689655,0.8620689655172413,-4.590132521768079,NaN,NaN,NaN
-0.4482758620689655,0.9310344827586207,-6.469003629981765,NaN,NaN,NaN
-0.3793103448275862,-0.9310344827586207,-13.752002859311721,NaN,NaN,NaN
-0.3793103448275862,-0.8620689655172413,-12.662276325690815,NaN,NaN,NaN
-0.3793103448275862,-0.7931034482758621,-11.610739064669366,NaN,NaN,NaN
-0.3793103448275862,-0.7241379310344828,-10.557620563218391,NaN,NaN,NaN
-0.3793103448275862,-0.6551724137931034,-9.54156078101842,NaN,NaN,NaN
-0.3793103448275862,-0.5862068965517241,-8.44003745832286,NaN,NaN,NaN
-0.3793103448275862,-0.5172413793103449,-7.59146436713726,NaN,NaN,NaN
-0.3793103448275862,-0.4482758620689655,-6.643825569198141,NaN,NaN,NaN
-0.3793103448275862,-0.3793103448275862,-5.7391746812456805,NaN,NaN,NaN
-0.3793103448275862,-0.3103448275862069,-4.8621503706344855,NaN,NaN,NaN
-0.3793103448275862,-0.2413793103448276,-4.067039258769762,NaN,NaN,NaN
-0.3793103448275862,-0.1724137931034483,-3.331124561352295,NaN,NaN,NaN
-0.3793103448275862,-0.10344827586206896,-2.515609554970863,NaN,NaN,NaN
-0.3793103448275862,-0.034482758620689655,-1.878608098636088,NaN,NaN,NaN
-0.3793103448275862,0.034482758620689655,-1.154303608398938,NaN,NaN,NaN
-0.3793103448275862,0.10344827586206896,-0.5954252699173541,NaN,NaN,NaN
-0.3793103448275862,0.1724137931034483,-0.20584555713555402,NaN,NaN,NaN
-0.3793103448275862,0.2413793103448276,0.14595146903436948,NaN,NaN,NaN
-0.3793103448275862,0.3103448275862069,0.4809946940244437,NaN,NaN,NaN
-0.3793103448275862,0.3793103448275862,0.5490265955015152,NaN,NaN,NaN
-0.3793103448275862,0.4482758620689655,0.5015969666650739,NaN,NaN,NaN
-0.3793103448275862,0.5172413793103449,0.32410481514368306,NaN,NaN,NaN
-0.3793103448275862,0.5862068965517241,-0.1958842781678128,NaN,NaN,NaN
-0.3793103448275862,0.6551724137931034,-0.8224015077696798,NaN,NaN,NaN
-0.3793103448275862,0.7241379310344828,-1.7117423674157841,NaN,NaN,NaN
-0.3793103448275862,0.7931034482758621,-2.8712526242254404,NaN,NaN,NaN
-0.3793103448275862,0.8620689655172413,-4.135837549144982,NaN,NaN,NaN
-0.3793103448275862,0.9310344827586207,-5.584329923972858,NaN,NaN,NaN
-0.3103448275862069,-0.9310344827586207,-11.337970616385153,NaN,NaN,NaN
-0.3103448275862069,-0.8620689655172413,-10.446660629826829,NaN,NaN,NaN
-0.3103448275862069,-0.7931034482758621,-9.555842314934125,NaN,NaN,NaN
-0.3103448275862069,-0.7241379310344828,-8.678086922442004,NaN,NaN,NaN
-0.3103448275862069,-0.6551724137931034,-7.956104149515992,NaN,NaN,NaN
-0.3103448275862069,-0.5862068965517241,-7.157448325321051,NaN,NaN,NaN
-0.3103448275862069,-0.5172413793103449,-6.366102814712536,NaN,NaN,NaN
-0.3103448275862069,-0.4482758620689655,-5.554737665256832,NaN,NaN,NaN
-0.3103448275862069,-0.3793103448275862,-4.899618946331052,NaN,NaN,NaN
-0.3103448275862069,-0.3103448275862069,-4.2376381309165545,NaN,NaN,NaN
-0.3103448275862069,-0.2413793103448276,-3.5078593110043146,NaN,NaN,NaN
-0.3103448275862069,-0.1724137931034483,-2.8525902848299345,NaN,NaN,NaN
-0.3103448275862069,-0.10344827586206896,-2.1472832214471773,NaN,NaN,NaN
-0.3103448275862069,-0.034482758620689655,-1.5936032279850139,NaN,NaN,NaN
-0.3103448275862069,0.034482758620689655,-1.0244603180228196,NaN,NaN,NaN
-0.3103448275862069,0.10344827586206896,-0.5789897874279799,NaN,NaN,NaN
-0.3103448275862069,0.1724137931034483,-0.22993636805250128,NaN,NaN,NaN
-0.3103448275862069,0.2413793103448276,0.19819588265672994,NaN,NaN,NaN
-0.3103448275862069,0.3103448275862069,0.2887624849448778,NaN,NaN,NaN
-0.3103448275862069,0.3793103448275862,0.3557424092827796,NaN,NaN,NaN
-0.3103448275862069,0.4482758620689655,0.3206541318372248,NaN,NaN,NaN
-0.3103448275862069,0.5172413793103449,0.1087726538254609,NaN,NaN,NaN
-0.3103448275862069,0.5862068965517241,-0.2767631508859939,NaN,NaN,NaN
-0.3103448275862069,0.6551724137931034,-0.7622199867154579,NaN,NaN,NaN
-0.3103448275862069,0.7241379310344828,-1.5408670368166322,NaN,NaN,NaN
-0.3103448275862069,0.7931034482758621,-2.4096478843286233,NaN,NaN,NaN
-0.3103448275862069,0.8620689655172413,-3.475853801346932,NaN,NaN,NaN
-0.3103448275862069,0.9310344827586207,-4.644900462047564,NaN,NaN,NaN
-0.2413793103448276,-0.9310344827586207,-8.885963282701114,NaN,NaN,NaN
-0.2413793103448276,-0.8620689655172413,-8.235718762092281,NaN,NaN,NaN
-0.2413793103448276,-0.7931034482758621,-7.578647526939649,NaN,NaN,NaN
-0.2413793103448276,-0.7241379310344828,-6.99606983834141,NaN,NaN,NaN
-0.2413793103448276,-0.6551724137931034,-6.364075045008251,NaN,NaN,NaN
-0.2413793103448276,-0.5862068965517241,-5.743396774268783,NaN,NaN,NaN
-0.2413793103448276,-0.5172413793103449,-5.166810480247845,NaN,NaN,NaN
-0.2413793103448276,-0.4482758620689655,-4.646484951640319,NaN,NaN,NaN
-0.2413793103448276,-0.3793103448275862,-4.03831152895878,NaN,NaN,NaN
-0.2413793103448276,-0.3103448275862069,-3.4376420419668414,NaN,NaN,NaN
-0.2413793103448276,-0.2413793103448276,-2.943468620528148,NaN,NaN,NaN
-0.2413793103448276,-0.1724137931034483,-2.340106443489551,NaN,NaN,NaN
-0.2413793103448276,-0.10344827586206896,-1.7828512652685133,NaN,NaN,NaN
-0.2413793103448276,-0.034482758620689655,-1.3511194672596862,NaN,NaN,NaN
-0.2413793103448276,0.034482758620689655,-0.8950315349290039,NaN,NaN,NaN
-0.2413793103448276,0.10344827586206896,-0.5288604023564377,NaN,NaN,NaN
-0.2413793103448276,0.1724137931034483,-0.17462010871151853,NaN,NaN,NaN
-0.2413793103448276,0.2413793103448276,0.16700452746582842,NaN,NaN,NaN
-0.2413793103448276,0.3103448275862069,0.2771239530055961,NaN,NaN,NaN
-0.2413793103448276,0.3793103448275862,0.3882733288249491,NaN,NaN,NaN
-0.2413793103448276,0.4482758620689655,0.30264672200372694,NaN,NaN,NaN
-0.2413793103448276,0.5172413793103449,0.17796895460906953,NaN,NaN,NaN
-0.2413793103448276,0.5862068965517241,-0.1729402978573075,NaN,NaN,NaN
-0.2413793103448276,0.6551724137931034,-0.6173812031780102,NaN,NaN,NaN
-0.2413793103448276,0.7241379310344828,-1.2009320536723171,NaN,NaN,NaN
-0.2413793103448276,0.7931034482758621,-1.9045165468982561,NaN,NaN,NaN
-0.2413793103448276,0.8620689655172413,-2.710279086385636,NaN,NaN,NaN
-0.2413793103448276,0.9310344827586207,-3.612845724493154,NaN,NaN,NaN
-0.1724137931034483,-0.9310344827586207,-6.422191992273906,NaN,NaN,NaN
-0.1724137931034483,-0.8620689655172413,-6.019354265177527,NaN,NaN,NaN
-0.1724137931034483,-0.7931034482758621,-5.671044338360688,NaN,NaN,NaN
-0.1724137931034483,-0.7241379310344828,-5.246915592167176,NaN,NaN,NaN
-0.1724137931034483,-0.6551724137931034,-4.888854000296955,NaN,NaN,NaN
-0.1724137931034483,-0.5862068965517241,-4.43625961073577,NaN,NaN,NaN
-0.1724137931034483,-0.5172413793103449,-4.025592553821718,NaN,NaN,NaN
-0.1724137931034483,-0.4482758620689655,-3.5527251622597547,NaN,NaN,NaN
-0.1724137931034483,-0.3793103448275862,-3.1270463839609057,NaN,NaN,NaN
-0.1724137931034483,-0.3103448275862069,-2.7010358684437294,NaN,NaN,NaN
-0.1724137931034483,-0.2413793103448276,-2.349072919628518,NaN,NaN,NaN
-0.1724137931034483,-0.1724137931034483,-1.79072460715694,NaN,NaN,NaN
-0.1724137931034483,-0.10344827586206896,-1.406673949726326,NaN,NaN,NaN
-0.1724137931034483,-0.034482758620689655,-1.0932864489500296,NaN,NaN,NaN
-0.1724137931034483,0.034482758620689655,-0.6165665316031613,NaN,NaN,NaN
-0.1724137931034483,0.10344827586206896,-0.3388135946048163,NaN,NaN,NaN
-0.1724137931034483,0.1724137931034483,-0.05244132726174844,NaN,NaN,NaN
-0.1724137931034483,0.2413793103448276,0.251150981071128,NaN,NaN,NaN
-0.1724137931034483,0.3103448275862069,0.33967820141338734,NaN,NaN,NaN
-0.1724137931034483,0.3793103448275862,0.4557662439448812,NaN,NaN,NaN
-0.1724137931034483,0.4482758620689655,0.4587264163238894,NaN,NaN,NaN
-0.1724137931034483,0.5172413793103449,0.3364124358584691,NaN,NaN,NaN
-0.1724137931034483,0.5862068965517241,0.08690640997620895,NaN,NaN,NaN
-0.1724137931034483,0.6551724137931034,-0.23942113751080574,NaN,NaN,NaN
-0.1724137931034483,0.7241379310344828,-0.7321156162485144,NaN,NaN,NaN
-0.1724137931034483,0.7931034482758621,-1.256521520369086,NaN,NaN,NaN
-0.1724137931034483,0.8620689655172413,-1.8521509020139626,NaN,NaN,NaN
-0.1724137931034483,0.9310344827586207,-2.52436809929067,NaN,NaN,NaN
-0.10344827586206896,-0.9310344827586207,-3.9522991060447046,NaN,NaN,NaN
-0.10344827586206896,-0.8620689655172413,-3.818101244089257,NaN,NaN,NaN
-0.10344827586206896,-0.7931034482758621,-3.675594900874613,NaN,NaN,NaN
-0.10344827586206896,-0.7241379310344828,-3.463466585743808,NaN,NaN,NaN
-0.10344827586206896,-0.6551724137931034,-3.3183223726656914,NaN,NaN,NaN
-0.10344827586206896,-0.5862068965517241,-3.0259932577703,NaN,NaN,NaN
-0.10344827586206896,-0.5172413793103449,-2.8772828604274627,NaN,NaN,NaN
-0.10344827586206896,-0.4482758620689655,-2.574888059560321,NaN,NaN,NaN
-0.10344827586206896,-0.3793103448275862,-2.2935397985536206,NaN,NaN,NaN
-0.10344827586206896,-0.3103448275862069,-1.983839571874309,NaN,NaN,NaN
-0.10344827586206896,-0.2413793103448276,-1.668392005078179,NaN,NaN,NaN
-0.10344827586206896,-0.1724137931034483,-1.363277315852287,NaN,NaN,NaN
-0.10344827586206896,-0.10344827586206896,-0.9322125820853652,NaN,NaN,NaN
-0.10344827586206896,-0.034482758620689655,-0.6698780901889871,NaN,NaN,NaN
-0.10344827586206896,0.034482758620689655,-0.36712668189595143,NaN,NaN,NaN
-0.10344827586206896,0.10344827586206896,-0.05269426589017108,NaN,NaN,NaN
-0.10344827586206896,0.1724137931034483,0.20389253130584978,NaN,NaN,NaN
-0.10344827586206896,0.2413793103448276,0.29312888082099786,NaN,NaN,NaN
-0.10344827586206896,0.3103448275862069,0.5437439387898403,NaN,NaN,NaN
-0.10344827586206896,0.3793103448275862,0.6632945017668467,NaN,NaN,NaN
-0.10344827586206896,0.4482758620689655,0.6464155481661267,NaN,NaN,NaN
-0.10344827586206896,0.5172413793103449,0.5993672692369028,NaN,NaN,NaN
-0.10344827586206896,0.5862068965517241,0.39978954855125737,NaN,NaN,NaN
-0.10344827586206896,0.6551724137931034,0.20818637518252742,NaN,NaN,NaN
-0.10344827586206896,0.7241379310344828,-0.14000062174766098,NaN,NaN,NaN
-0.10344827586206896,0.7931034482758621,-0.5182251685237059,NaN,NaN,NaN
-0.10344827586206896,0.8620689655172413,-0.8938837992369789,NaN,NaN,NaN
-0.10344827586206896,0.9310344827586207,-1.4145308878153373,NaN,NaN,NaN
-0.034482758620689655,-0.9310344827586207,-1.5369184812241063,NaN,NaN,NaN
-0.034482758620689655,-0.8620689655172413,-1.59409686220174,NaN,NaN,NaN
-0.034482758620689655,-0.7931034482758621,-1.7370511864971632,NaN,NaN,NaN
-0.034482758620689655,-0.7241379310344828,-1.758129522858041,NaN,NaN,NaN
-0.034482758620689655,-0.6551724137931034,-1.8121606182970027,NaN,NaN,NaN
-0.034482758620689655,-0.5862068965517241,-1.7392858550775006,NaN,NaN,NaN
-0.034482758620689655,-0.5172413793103449,-1.6563520179543059,NaN,NaN,NaN
-0.034482758620689655,-0.4482758620689655,-1.549599028283698,NaN,NaN,NaN
-0.034482758620689655,-0.3793103448275862,-1.4653480257180198,NaN,NaN,NaN
-0.034482758620689655,-0.3103448275862069,-1.2642632482364347,NaN,NaN,NaN
-0.034482758620689655,-0.2413793103448276,-1.0679579101530374,NaN,NaN,NaN
-0.034482758620689655,-0.1724137931034483,-0.7729958537485733,NaN,NaN,NaN
-0.034482758620689655,-0.10344827586206896,-0.5127453696445142,NaN,NaN,NaN
-0.034482758620689655,-0.034482758620689655,-0.2804626012348883,NaN,NaN,NaN
-0.034482758620689655,0.034482758620689655,-0.09298950415591739,NaN,NaN,NaN
-0.034482758620689655,0.10344827586206896,0.15794573043335694,NaN,NaN,NaN
-0.034482758620689655,0.1724137931034483,0.3887693394494234,NaN,NaN,NaN
-0.034482758620689655,0.2413793103448276,0.5955212685269486,NaN,NaN,NaN
-0.034482758620689655,0.3103448275862069,0.7660971589497133,NaN,NaN,NaN
-0.034482758620689655,0.3793103448275862,0.8192462403285642,NaN,NaN,NaN
-0.034482758620689655,0.4482758620689655,0.935878726224807,NaN,NaN,NaN
-0.034482758620689655,0.5172413793103449,0.9344860022211225,NaN,NaN,NaN
-0.034482758620689655,0.5862068965517241,0.855252213811459,NaN,NaN,NaN
-0.034482758620689655,0.6551724137931034,0.7071368540956904,NaN,NaN,NaN
-0.034482758620689655,0.7241379310344828,0.55542886704122,NaN,NaN,NaN
-0.034482758620689655,0.7931034482758621,0.30820906901457235,NaN,NaN,NaN
-0.034482758620689655,0.8620689655172413,0.06977648210048154,NaN,NaN,NaN
-0.034482758620689655,0.9310344827586207,-0.2552256285538882,NaN,NaN,NaN
0.034482758620689655,-0.9310344827586207,0.9157569593753457,NaN,NaN,NaN
0.034482758620689655,-0.8620689655172413,0.5658893356705513,NaN,NaN,NaN
0.034482758620689655,-0.7931034482758621,0.15461754480949347,NaN,NaN,NaN
0.034482758620689655,-0.7241379310344828,-0.10606195121848658,NaN,NaN,NaN
0.034482758620689655,-0.6551724137931034,-0.3003223040708241,NaN,NaN,NaN
0.034482758620689655,-0.5862068965517241,-0.4297938153304023,NaN,NaN,NaN
0.034482758620689655,-0.5172413793103449,-0.5609352158742593,NaN,NaN,NaN
0.034482758620689655,-0.4482758620689655,-0.5930827441719373,NaN,NaN,NaN
0.034482758620689655,-0.3793103448275862,-0.520473143796959,NaN,NaN,NaN
0.034482758620689655,-0.3103448275862069,-0.6251888177321363,NaN,NaN,NaN
0.034482758620689655,-0.2413793103448276,-0.3814469208758409,NaN,NaN,NaN
0.034482758620689655,-0.1724137931034483,-0.34416946699891027,NaN,NaN,NaN
0.034482758620689655,-0.10344827586206896,-0.14936070433656448,NaN,NaN,NaN
0.034482758620689655,-0.034482758620689655,0.02917863160180296,NaN,NaN,NaN
0.034482758620689655,0.034482758620689655,0.31562481508494866,NaN,NaN,NaN
0.034482758620689655,0.10344827586206896,0.4714729230085667,NaN,NaN,NaN
0.034482758620689655,0.1724137931034483,0.6724946477238161,NaN,NaN,NaN
0.034482758620689655,0.2413793103448276,0.8628747133867007,NaN,NaN,NaN
0.034482758620689655,0.3103448275862069,0.9876211784011044,NaN,NaN,NaN
0.034482758620689655,0.3793103448275862,1.1574892318304235,NaN,NaN,NaN
0.034482758620689655,0.4482758620689655,1.270621355154179,NaN,NaN,NaN
0.034482758620689655,0.5172413793103449,1.3496145360443372,NaN,NaN,NaN
0.034482758620689655,0.5862068965517241,1.3547208860216795,NaN,NaN,NaN
0.034482758620689655,0.6551724137931034,1.2958561060019946,NaN,NaN,NaN
0.034482758620689655,0.7241379310344828,1.2686605059226035,NaN,NaN,NaN
0.034482758620689655,0.7931034482758621,1.2001864506561062,NaN,NaN,NaN
0.034482758620689655,0.8620689655172413,1.0430496403447287,NaN,NaN,NaN
0.034482758620689655,0.9310344827586207,0.901342445998109,NaN,NaN,NaN
0.10344827586206896,-0.9310344827586207,3.311716167898111,NaN,NaN,NaN
0.10344827586206896,-0.8620689655172413,2.690508677925391,NaN,NaN,NaN
0.10344827586206896,-0.7931034482758621,2.113575882500128,NaN,NaN,NaN
0.10344827586206896,-0.7241379310344828,1.5677700614986727,NaN,NaN,NaN
0.10344827586206896,-0.6551724137931034,1.1465317604196965,NaN,NaN,NaN
0.10344827586206896,-0.5862068965517241,0.7883164980354886,NaN,NaN,NaN
0.10344827586206896,-0.5172413793103449,0.5061933875802992,NaN,NaN,NaN
0.10344827586206896,-0.4482758620689655,0.3660221641205649,NaN,NaN,NaN
0.10344827586206896,-0.3793103448275862,0.10563381201634821,NaN,NaN,NaN
0.10344827586206896,-0.3103448275862069,0.08049602614800135,NaN,NaN,NaN
0.10344827586206896,-0.2413793103448276,0.1412824252290025,NaN,NaN,NaN
0.10344827586206896,-0.1724137931034483,0.21125198159042013,NaN,NaN,NaN
0.10344827586206896,-0.10344827586206896,0.26015376594799133,NaN,NaN,NaN
0.10344827586206896,-0.034482758620689655,0.3812371800461706,NaN,NaN,NaN
0.10344827586206896,0.034482758620689655,0.5604908838745274,NaN,NaN,NaN
0.10344827586206896,0.10344827586206896,0.8168775958647194,NaN,NaN,NaN
0.10344827586206896,0.1724137931034483,0.9482600651741144,NaN,NaN,NaN
0.10344827586206896,0.2413793103448276,1.1557776994959954,NaN,NaN,NaN
0.10344827586206896,0.3103448275862069,1.2853609178113683,NaN,NaN,NaN
0.10344827586206896,0.3793103448275862,1.5026368170375872,NaN,NaN,NaN
0.10344827586206896,0.4482758620689655,1.6966517156163357,NaN,NaN,NaN
0.10344827586206896,0.5172413793103449,1.7587993934972204,NaN,NaN,NaN
0.10344827586206896,0.5862068965517241,1.8885283345396,NaN,NaN,NaN
0.10344827586206896,0.6551724137931034,1.9244618912804992,NaN,NaN,NaN
0.10344827586206896,0.7241379310344828,2.0333623404631256,NaN,NaN,NaN
0.10344827586206896,0.7931034482758621,2.0239558313272283,NaN,NaN,NaN
0.10344827586206896,0.8620689655172413,2.0808462740194638,NaN,NaN,NaN
0.10344827586206896,0.9310344827586207,2.065548545963198,NaN,NaN,NaN
0.1724137931034483,-0.9310344827586207,5.700291878762314,NaN,NaN,NaN
0.1724137931034483,-0.8620689655172413,4.797903935327794,NaN,NaN,NaN
0.1724137931034483,-0.7931034482758621,3.870301494457146,NaN,NaN,NaN
0.1724137931034483,-0.7241379310344828,3.1286829330941566,NaN,NaN,NaN
0.1724137931034483,-0.6551724137931034,2.4790353040691877,NaN,NaN,NaN
0.1724137931034483,-0.5862068965517241,1.914023653790381,NaN,NaN,NaN
0.1724137931034483,-0.5172413793103449,1.4605118645351112,NaN,NaN,NaN
0.1724137931034483,-0.4482758620689655,1.1231704844500612,NaN,NaN,NaN
0.1724137931034483,-0.3793103448275862,0.7872817415641056,NaN,NaN,NaN
0.1724137931034483,-0.3103448275862069,0.689382835547321,NaN,NaN,NaN
0.1724137931034483,-0.2413793103448276,0.6102344025986148,NaN,NaN,NaN
0.1724137931034483,-0.1724137931034483,0.6808892487247437,NaN,NaN,NaN
0.1724137931034483,-0.10344827586206896,0.7236446296456879,NaN,NaN,NaN
0.1724137931034483,-0.034482758620689655,0.7727242099972026,NaN,NaN,NaN
0.1724137931034483,0.034482758620689655,0.8560099304913893,NaN,NaN,NaN
0.1724137931034483,0.10344827586206896,1.0841192006525366,NaN,NaN,NaN
0.1724137931034483,0.1724137931034483,1.2222437247019227,NaN,NaN,NaN
0.1724137931034483,0.2413793103448276,1.4792754711122333,NaN,NaN,NaN
0.1724137931034483,0.3103448275862069,1.6773006871255607,NaN,NaN,NaN
0.1724137931034483,0.3793103448275862,1.8457567896117417,NaN,NaN,NaN
0.1724137931034483,0.4482758620689655,2.097635425333201,NaN,NaN,NaN
0.1724137931034483,0.5172413793103449,2.270845986755441,NaN,NaN,NaN
0.1724137931034483,0.5862068965517241,2.4299638808309667,NaN,NaN,NaN
0.1724137931034483,0.6551724137931034,2.600216768902622,NaN,NaN,NaN
0.1724137931034483,0.7241379310344828,2.773963281173331,NaN,NaN,NaN
0.1724137931034483,0.7931034482758621,2.9509230556895654,NaN,NaN,NaN
0.1724137931034483,0.8620689655172413,3.1027837440965134,NaN,NaN,NaN
0.1724137931034483,0.9310344827586207,3.2573321678936287,NaN,NaN,NaN
0.2413793103448276,-0.9310344827586207,8.030450795826283,NaN,NaN,NaN
0.2413793103448276,-0.8620689655172413,6.8104279538446875,NaN,NaN,NaN
0.2413793103448276,-0.7931034482758621,5.696452569032942,NaN,NaN,NaN
0.2413793103448276,-0.7241379310344828,4.646859154474876,NaN,NaN,NaN
0.2413793103448276,-0.6551724137931034,3.6568756571723156,NaN,NaN,NaN
0.2413793103448276,-0.5862068965517241,2.8893871197417456,NaN,NaN,NaN
0.2413793103448276,-0.5172413793103449,2.286115925349444,NaN,NaN,NaN
0.2413793103448276,-0.4482758620689655,1.777324824256961,NaN,NaN,NaN
0.2413793103448276,-0.3793103448275862,1.4459326178938539,NaN,NaN,NaN
0.2413793103448276,-0.3103448275862069,1.1955390473105083,NaN,NaN,NaN
0.2413793103448276,-0.2413793103448276,1.053517636788032,NaN,NaN,NaN
0.2413793103448276,-0.1724137931034483,0.9730226693161473,NaN,NaN,NaN
0.2413793103448276,-0.10344827586206896,0.9362988734800657,NaN,NaN,NaN
0.2413793103448276,-0.034482758620689655,1.0032624365629692,NaN,NaN,NaN
0.2413793103448276,0.034482758620689655,1.1863326143645696,NaN,NaN,NaN
0.2413793103448276,0.10344827586206896,1.3739108165183707,NaN,NaN,NaN
0.2413793103448276,0.1724137931034483,1.5427796545806411,NaN,NaN,NaN
0.2413793103448276,0.2413793103448276,1.7074477505665056,NaN,NaN,NaN
0.2413793103448276,0.3103448275862069,1.9305487022286776,NaN,NaN,NaN
0.2413793103448276,0.3793103448275862,2.2121836451813754,NaN,NaN,NaN
0.2413793103448276,0.4482758620689655,2.4676506460703704,NaN,NaN,NaN
0.2413793103448276,0.5172413793103449,2.756408201208577,NaN,NaN,NaN
0.2413793103448276,0.5862068965517241,3.0195076346379572,NaN,NaN,NaN
0.2413793103448276,0.6551724137931034,3.238558734031515,NaN,NaN,NaN
0.2413793103448276,0.7241379310344828,3.542688729910439,NaN,NaN,NaN
0.2413793103448276,0.7931034482758621,3.850424761483225,NaN,NaN,NaN
0.2413793103448276,0.8620689655172413,4.132298904885804,NaN,NaN,NaN
0.2413793103448276,0.9310344827586207,4.465230428324584,NaN,NaN,NaN
0.3103448275862069,-0.9310344827586207,10.33262562752426,NaN,NaN,NaN
0.3103448275862069,-0.8620689655172413,8.650330682674454,NaN,NaN,NaN
0.3103448275862069,-0.7931034482758621,7.347629614108466,NaN,NaN,NaN
0.3103448275862069,-0.7241379310344828,5.969093137715783,NaN,NaN,NaN
0.3103448275862069,-0.6551724137931034,4.759006951325238,NaN,NaN,NaN
0.3103448275862069,-0.5862068965517241,3.8438847580921225,NaN,NaN,NaN
0.3103448275862069,-0.5172413793103449,3.0038797408402584,NaN,NaN,NaN
0.3103448275862069,-0.4482758620689655,2.45176051684565,NaN,NaN,NaN
0.3103448275862069,-0.3793103448275862,1.8945573836280125,NaN,NaN,NaN
0.3103448275862069,-0.3103448275862069,1.5217173557267092,NaN,NaN,NaN
0.3103448275862069,-0.2413793103448276,1.3980321519767958,NaN,NaN,NaN
0.3103448275862069,-0.1724137931034483,1.2979666792907683,NaN,NaN,NaN
0.3103448275862069,-0.10344827586206896,1.2380014385598868,NaN,NaN,NaN
0.3103448275862069,-0.034482758620689655,1.306927443214943,NaN,NaN,NaN
0.3103448275862069,0.034482758620689655,1.4616154137868818,NaN,NaN,NaN
0.3103448275862069,0.10344827586206896,1.6004246206940824,NaN,NaN,NaN
0.3103448275862069,0.1724137931034483,1.7801643999839656,NaN,NaN,NaN
0.3103448275862069,0.2413793103448276,1.981616195459549,NaN,NaN,NaN
0.3103448275862069,0.3103448275862069,2.31538180098672,NaN,NaN,NaN
0.3103448275862069,0.3793103448275862,2.547712650590042,NaN,NaN,NaN
0.3103448275862069,0.4482758620689655,2.893928764375615,NaN,NaN,NaN
0.3103448275862069,0.5172413793103449,3.226653514172326,NaN,NaN,NaN
0.3103448275862069,0.5862068965517241,3.554341565507431,NaN,NaN,NaN
0.3103448275862069,0.6551724137931034,3.954878417037402,NaN,NaN,NaN
0.3103448275862069,0.7241379310344828,4.302254196343908,NaN,NaN,NaN
0.3103448275862069,0.7931034482758621,4.8023365769917605,NaN,NaN,NaN
0.3103448275862069,0.8620689655172413,5.183230160953203,NaN,NaN,NaN
0.3103448275862069,0.9310344827586207,5.620390199408326,NaN,NaN,NaN
0.3793103448275862,-0.9310344827586207,12.561086076784445,NaN,NaN,NaN
0.3793103448275862,-0.8620689655172413,10.517348890986474,NaN,NaN,NaN
0.3793103448275862,-0.7931034482758621,8.803297679924386,NaN,NaN,NaN
0.3793103448275862,-0.7241379310344828,7.130786150630131,NaN,NaN,NaN
0.3793103448275862,-0.6551724137931034,5.685447348724076,NaN,NaN,NaN
0.3793103448275862,-0.5862068965517241,4.61949608450873,NaN,NaN,NaN
0.3793103448275862,-0.5172413793103449,3.5963215423186425,NaN,NaN,NaN
0.3793103448275862,-0.4482758620689655,2.8483989525408377,NaN,NaN,NaN
0.3793103448275862,-0.3793103448275862,2.253674133158821,NaN,NaN,NaN
0.3793103448275862,-0.3103448275862069,1.8405702013020602,NaN,NaN,NaN
0.3793103448275862,-0.2413793103448276,1.5680185804891393,NaN,NaN,NaN
0.3793103448275862,-0.1724137931034483,1.4209587623875661,NaN,NaN,NaN
0.3793103448275862,-0.10344827586206896,1.413439511112618,NaN,NaN,NaN
0.3793103448275862,-0.034482758620689655,1.4827423475513917,NaN,NaN,NaN
0.3793103448275862,0.034482758620689655,1.5846949192044257,NaN,NaN,NaN
0.3793103448275862,0.10344827586206896,1.7278447577059861,NaN,NaN,NaN
0.3793103448275862,0.1724137931034483,2.0011966459292188,NaN,NaN,NaN
0.3793103448275862,0.2413793103448276,2.2135781433921196,NaN,NaN,NaN
0.3793103448275862,0.3103448275862069,2.562857922352833,NaN,NaN,NaN
0.3793103448275862,0.3793103448275862,2.894367578719563,NaN,NaN,NaN
0.3793103448275862,0.4482758620689655,3.276657344867227,NaN,NaN,NaN
0.3793103448275862,0.5172413793103449,3.6912088551997044,NaN,NaN,NaN
0.3793103448275862,0.5862068965517241,4.18210779776717,NaN,NaN,NaN
0.3793103448275862,0.6551724137931034,4.597462815041853,NaN,NaN,NaN
0.3793103448275862,0.7241379310344828,5.122736287438682,NaN,NaN,NaN
0.3793103448275862,0.7931034482758621,5.626876313399054,NaN,NaN,NaN
0.3793103448275862,0.8620689655172413,6.244000161491856,NaN,NaN,NaN
0.3793103448275862,0.9310344827586207,6.81195951392183,NaN,NaN,NaN
0.4482758620689655,-0.9310344827586207,14.69885573994274,NaN,NaN,NaN
0.4482758620689655,-0.8620689655172413,12.211473530287108,NaN,NaN,NaN
0.4482758620689655,-0.7931034482758621,10.018133234478254,NaN,NaN,NaN
0.4482758620689655,-0.7241379310344828,8.044968426321889,NaN,NaN,NaN
0.4482758620689655,-0.6551724137931034,6.346637577472398,NaN,NaN,NaN
0.4482758620689655,-0.5862068965517241,5.017042370550114,NaN,NaN,NaN
0.4482758620689655,-0.5172413793103449,3.9439278978916974,NaN,NaN,NaN
0.4482758620689655,-0.4482758620689655,3.102591685313711,NaN,NaN,NaN
0.4482758620689655,-0.3793103448275862,2.487517231434231,NaN,NaN,NaN
0.4482758620689655,-0.3103448275862069,2.0194413708293624,NaN,NaN,NaN
0.4482758620689655,-0.2413793103448276,1.6831479787496548,NaN,NaN,NaN
0.4482758620689655,-0.1724137931034483,1.5316054486628987,NaN,NaN,NaN
0.4482758620689655,-0.10344827586206896,1.5444461711669322,NaN,NaN,NaN
0.4482758620689655,-0.034482758620689655,1.6005758804741164,NaN,NaN,NaN
0.4482758620689655,0.034482758620689655,1.665829011736318,NaN,NaN,NaN
0.4482758620689655,0.10344827586206896,1.8909269236643884,NaN,NaN,NaN
0.4482758620689655,0.1724137931034483,2.196262359267182,NaN,NaN,NaN
0.4482758620689655,0.2413793103448276,2.4255233407266044,NaN,NaN,NaN
0.4482758620689655,0.3103448275862069,2.8231760514790603,NaN,NaN,NaN
0.4482758620689655,0.3793103448275862,3.221274574428153,NaN,NaN,NaN
0.4482758620689655,0.4482758620689655,3.654101125446507,NaN,NaN,NaN
0.4482758620689655,0.5172413793103449,4.137956672577909,NaN,NaN,NaN
0.4482758620689655,0.5862068965517241,4.607044993430402,NaN,NaN,NaN
0.4482758620689655,0.6551724137931034,5.202353763744404,NaN,NaN,NaN
0.4482758620689655,0.7241379310344828,5.828902491084287,NaN,NaN,NaN
0.4482758620689655,0.7931034482758621,6.513119511570688,NaN,NaN,NaN
0.4482758620689655,0.8620689655172413,7.221380000685329,NaN,NaN,NaN
0.4482758620689655,0.9310344827586207,7.960300742241569,NaN,NaN,NaN
0.5172413793103449,-0.9310344827586207,16.68319663894969,NaN,NaN,NaN
0.5172413793103449,-0.8620689655172413,13.626112696619604,NaN,NaN,NaN
0.5172413793103449,-0.7931034482758621,11.008839799074766,NaN,NaN,NaN
0.5172413793103449,-0.7241379310344828,8.720414218120071,NaN,NaN,NaN
0.5172413793103449,-0.6551724137931034,6.774621836592411,NaN,NaN,NaN
0.5172413793103449,-0.5862068965517241,5.1778098024917,NaN,NaN,NaN
0.5172413793103449,-0.5172413793103449,4.01243947647837,NaN,NaN,NaN
0.5172413793103449,-0.4482758620689655,3.0508146384213592,NaN,NaN,NaN
0.5172413793103449,-0.3793103448275862,2.480621930484477,NaN,NaN,NaN
0.5172413793103449,-0.3103448275862069,1.9625631821566831,NaN,NaN,NaN
0.5172413793103449,-0.2413793103448276,1.6536398044280858,NaN,NaN,NaN
0.5172413793103449,-0.1724137931034483,1.5516411466200943,NaN,NaN,NaN
0.5172413793103449,-0.10344827586206896,1.5220415357233827,NaN,NaN,NaN
0.5172413793103449,-0.034482758620689655,1.5147606844640347,NaN,NaN,NaN
0.5172413793103449,0.034482758620689655,1.769060739917378,NaN,NaN,NaN
0.5172413793103449,0.10344827586206896,1.9811286800653243,NaN,NaN,NaN
0.5172413793103449,0.1724137931034483,2.268600573722372,NaN,NaN,NaN
0.5172413793103449,0.2413793103448276,2.5989332576020394,NaN,NaN,NaN
0.5172413793103449,0.3103448275862069,3.0244776109171703,NaN,NaN,NaN
0.5172413793103449,0.3793103448275862,3.455557363997572,NaN,NaN,NaN
0.5172413793103449,0.4482758620689655,3.935620750121393,NaN,NaN,NaN
0.5172413793103449,0.5172413793103449,4.510021043655081,NaN,NaN,NaN
0.5172413793103449,0.5862068965517241,5.0453656079755635,NaN,NaN,NaN
0.5172413793103449,0.6551724137931034,5.743037053941807,NaN,NaN,NaN
0.5172413793103449,0.7241379310344828,6.481183588119627,NaN,NaN,NaN
0.5172413793103449,0.7931034482758621,7.278273082588821,NaN,NaN,NaN
0.5172413793103449,0.8620689655172413,8.172464635489218,NaN,NaN,NaN
0.5172413793103449,0.9310344827586207,9.10470540035514,NaN,NaN,NaN
0.5862068965517241,-0.9310344827586207,18.469812304321962,NaN,NaN,NaN
0.5862068965517241,-0.8620689655172413,14.77065332986273,NaN,NaN,NaN
0.5862068965517241,-0.7931034482758621,11.594680994616553,NaN,NaN,NaN
0.5862068965517241,-0.7241379310344828,8.928240937843054,NaN,NaN,NaN
0.5862068965517241,-0.6551724137931034,6.733615761265227,NaN,NaN,NaN
0.5862068965517241,-0.5862068965517241,5.166498485454946,NaN,NaN,NaN
0.5862068965517241,-0.5172413793103449,3.8878227853776863,NaN,NaN,NaN
0.5862068965517241,-0.4482758620689655,2.936762528552568,NaN,NaN,NaN
0.5862068965517241,-0.3793103448275862,2.202430241276402,NaN,NaN,NaN
0.5862068965517241,-0.3103448275862069,1.7741500343901808,NaN,NaN,NaN
0.5862068965517241,-0.2413793103448276,1.5869604326987417,NaN,NaN,NaN
0.5862068965517241,-0.1724137931034483,1.390112911264954,NaN,NaN,NaN
0.5862068965517241,-0.10344827586206896,1.4069895764742257,NaN,NaN,NaN
0.5862068965517241,-0.034482758620689655,1.5709009849047848,NaN,NaN,NaN
0.5862068965517241,0.034482758620689655,1.8005435880053273,NaN,NaN,NaN
0.5862068965517241,0.10344827586206896,1.9943328828004003,NaN,NaN,NaN
0.5862068965517241,0.1724137931034483,2.3868078872277954,NaN,NaN,NaN
0.5862068965517241,0.2413793103448276,2.746724161240104,NaN,NaN,NaN
0.5862068965517241,0.3103448275862069,3.2117983323260604,NaN,NaN,NaN
0.5862068965517241,0.3793103448275862,3.6783997801572843,NaN,NaN,NaN
0.5862068965517241,0.4482758620689655,4.232583465903874,NaN,NaN,NaN
0.5862068965517241,0.5172413793103449,4.76571408687456,NaN,NaN,NaN
0.5862068965517241,0.5862068965517241,5.437189580382574,NaN,NaN,NaN
0.5862068965517241,0.6551724137931034,6.257813859390174,NaN,NaN,NaN
0.5862068965517241,0.7241379310344828,7.039993180173314,NaN,NaN,NaN
0.5862068965517241,0.7931034482758621,8.03936200003232,NaN,NaN,NaN
0.5862068965517241,0.8620689655172413,9.084911408431447,NaN,NaN,NaN
0.5862068965517241,0.9310344827586207,10.203251751312504,NaN,NaN,NaN
0.6551724137931034,-0.9310344827586207,19.791148503061898,NaN,NaN,NaN
0.6551724137931034,-0.8620689655172413,15.429677025070271,NaN,NaN,NaN
0.6551724137931034,-0.7931034482758621,11.673466282344632,NaN,NaN,NaN
0.6551724137931034,-0.7241379310344828,8.653921629653123,NaN,NaN,NaN
0.6551724137931034,-0.6551724137931034,6.399761441524199,NaN,NaN,NaN
0.6551724137931034,-0.5862068965517241,4.634934309393081,NaN,NaN,NaN
0.6551724137931034,-0.5172413793103449,3.42375825853525,NaN,NaN,NaN
0.6551724137931034,-0.4482758620689655,2.4259372772128076,NaN,NaN,NaN
0.6551724137931034,-0.3793103448275862,1.7561767196305502,NaN,NaN,NaN
0.6551724137931034,-0.3103448275862069,1.4662893727111395,NaN,NaN,NaN
0.6551724137931034,-0.2413793103448276,1.2468012254257879,NaN,NaN,NaN
0.6551724137931034,-0.1724137931034483,1.1830742052191865,NaN,NaN,NaN
0.6551724137931034,-0.10344827586206896,1.301937770308347,NaN,NaN,NaN
0.6551724137931034,-0.034482758620689655,1.4336512201190768,NaN,NaN,NaN
0.6551724137931034,0.034482758620689655,1.722331183017997,NaN,NaN,NaN
0.6551724137931034,0.10344827586206896,1.978297397980365,NaN,NaN,NaN
0.6551724137931034,0.1724137931034483,2.350416392781068,NaN,NaN,NaN
0.6551724137931034,0.2413793103448276,2.7687409067337367,NaN,NaN,NaN
0.6551724137931034,0.3103448275862069,3.253561799588931,NaN,NaN,NaN
0.6551724137931034,0.3793103448275862,3.8308194752715528,NaN,NaN,NaN
0.6551724137931034,0.4482758620689655,4.374201713768196,NaN,NaN,NaN
0.6551724137931034,0.5172413793103449,5.055151668921193,NaN,NaN,NaN
0.6551724137931034,0.5862068965517241,5.777810446607055,NaN,NaN,NaN
0.6551724137931034,0.6551724137931034,6.616077296018146,NaN,NaN,NaN
0.6551724137931034,0.7241379310344828,7.5681910119870555,NaN,NaN,NaN
0.6551724137931034,0.7931034482758621,8.645471854072474,NaN,NaN,NaN
0.6551724137931034,0.8620689655172413,9.873053027633723,NaN,NaN,NaN
0.6551724137931034,0.9310344827586207,11.247737514472805,NaN,NaN,NaN
0.7241379310344828,-0.9310344827586207,20.696605482482465,NaN,NaN,NaN
0.7241379310344828,-0.8620689655172413,15.341654391242145,NaN,NaN,NaN
0.7241379310344828,-0.7931034482758621,10.975943986030984,NaN,NaN,NaN
0.7241379310344828,-0.7241379310344828,7.727035251889186,NaN,NaN,NaN
0.7241379310344828,-0.6551724137931034,5.3160980459155915,NaN,NaN,NaN
0.7241379310344828,-0.5862068965517241,3.5561428151986796,NaN,NaN,NaN
0.7241379310344828,-0.5172413793103449,2.424599461072682,NaN,NaN,NaN
0.7241379310344828,-0.4482758620689655,1.6086235011894146,NaN,NaN,NaN
0.7241379310344828,-0.3793103448275862,1.1923547581807779,NaN,NaN,NaN
0.7241379310344828,-0.3103448275862069,0.8911565379759901,NaN,NaN,NaN
0.7241379310344828,-0.2413793103448276,0.7981471386137409,NaN,NaN,NaN
0.7241379310344828,-0.1724137931034483,0.803108759923312,NaN,NaN,NaN
0.7241379310344828,-0.10344827586206896,0.9455366623890911,NaN,NaN,NaN
0.7241379310344828,-0.034482758620689655,1.2663684703556934,NaN,NaN,NaN
0.7241379310344828,0.034482758620689655,1.5042696064626795,NaN,NaN,NaN
0.7241379310344828,0.10344827586206896,1.893834918958126,NaN,NaN,NaN
0.7241379310344828,0.1724137931034483,2.328193095197526,NaN,NaN,NaN
0.7241379310344828,0.2413793103448276,2.816863160835698,NaN,NaN,NaN
0.7241379310344828,0.3103448275862069,3.33171211694262,NaN,NaN,NaN
0.7241379310344828,0.3793103448275862,3.9449659277666598,NaN,NaN,NaN
0.7241379310344828,0.4482758620689655,4.495253102199117,NaN,NaN,NaN
0.7241379310344828,0.5172413793103449,5.240498729346292,NaN,NaN,NaN
0.7241379310344828,0.5862068965517241,6.013441746816518,NaN,NaN,NaN
0.7241379310344828,0.6551724137931034,6.954309470169411,NaN,NaN,NaN
0.7241379310344828,0.7241379310344828,7.898680429051116,NaN,NaN,NaN
0.7241379310344828,0.7931034482758621,9.12962371318206,NaN,NaN,NaN
0.7241379310344828,0.8620689655172413,10.49560987726766,NaN,NaN,NaN
0.7241379310344828,0.9310344827586207,12.152544410178432,NaN,NaN,NaN
0.7931034482758621,-0.9310344827586207,20.810196430040552,NaN,NaN,NaN
0.7931034482758621,-0.8620689655172413,13.99427287437004,NaN,NaN,NaN
0.7931034482758621,-0.7931034482758621,9.263783028933483,NaN,NaN,NaN
0.7931034482758621,-0.7241379310344828,5.898454830997372,NaN,NaN,NaN
0.7931034482758621,-0.6551724137931034,3.642645291783996,NaN,NaN,NaN
0.7931034482758621,-0.5862068965517241,2.118115564129123,NaN,NaN,NaN
0.7931034482758621,-0.5172413793103449,1.1501395345973247,NaN,NaN,NaN
0.7931034482758621,-0.4482758620689655,0.5615647283872064,NaN,NaN,NaN
0.7931034482758621,-0.3793103448275862,0.2151045250949227,NaN,NaN,NaN
0.7931034482758621,-0.3103448275862069,0.1635322381403334,NaN,NaN,NaN
0.7931034482758621,-0.2413793103448276,0.15567034111172812,NaN,NaN,NaN
0.7931034482758621,-0.1724137931034483,0.321063080185004,NaN,NaN,NaN
0.7931034482758621,-0.10344827586206896,0.5630116320332815,NaN,NaN,NaN
0.7931034482758621,-0.034482758620689655,0.9156640791230706,NaN,NaN,NaN
0.7931034482758621,0.034482758620689655,1.3247989759276797,NaN,NaN,NaN
0.7931034482758621,0.10344827586206896,1.7565877248133592,NaN,NaN,NaN
0.7931034482758621,0.1724137931034483,2.205675220897718,NaN,NaN,NaN
0.7931034482758621,0.2413793103448276,2.779659889806885,NaN,NaN,NaN
0.7931034482758621,0.3103448275862069,3.309192250208363,NaN,NaN,NaN
0.7931034482758621,0.3793103448275862,3.941667097648234,NaN,NaN,NaN
0.7931034482758621,0.4482758620689655,4.601298256167791,NaN,NaN,NaN
0.7931034482758621,0.5172413793103449,5.338920385513999,NaN,NaN,NaN
0.7931034482758621,0.5862068965517241,6.128340435604095,NaN,NaN,NaN
0.7931034482758621,0.6551724137931034,7.020223816029736,NaN,NaN,NaN
0.7931034482758621,0.7241379310344828,8.108363994482447,NaN,NaN,NaN
0.7931034482758621,0.7931034482758621,9.372468042770153,NaN,NaN,NaN
0.7931034482758621,0.8620689655172413,10.929704630322538,NaN,NaN,NaN
0.7931034482758621,0.9310344827586207,12.931218182303045,NaN,NaN,NaN
0.8620689655172413,-0.9310344827586207,18.743585761933254,NaN,NaN,NaN
0.8620689655172413,-0.8620689655172413,10.742447023712375,NaN,NaN,NaN
0.8620689655172413,-0.7931034482758621,5.948097384256611,NaN,NaN,NaN
0.8620689655172413,-0.7241379310344828,2.9802712257653634,NaN,NaN,NaN
0.8620689655172413,-0.6551724137931034,1.1553215685351073,NaN,NaN,NaN
0.8620689655172413,-0.5862068965517241,0.1607734278290548,NaN,NaN,NaN
0.8620689655172413,-0.5172413793103449,-0.4672949577210333,NaN,NaN,NaN
0.8620689655172413,-0.4482758620689655,-0.7318940675123873,NaN,NaN,NaN
0.8620689655172413,-0.3793103448275862,-0.8519898508631195,NaN,NaN,NaN
0.8620689655172413,-0.3103448275862069,-0.740741240083864,NaN,NaN,NaN
0.8620689655172413,-0.2413793103448276,-0.5310052828165286,NaN,NaN,NaN
0.8620689655172413,-0.1724137931034483,-0.20563944327237693,NaN,NaN,NaN
0.8620689655172413,-0.10344827586206896,0.12805979196637823,NaN,NaN,NaN
0.8620689655172413,-0.034482758620689655,0.6007021427906798,NaN,NaN,NaN
0.8620689655172413,0.034482758620689655,1.0053709887334639,NaN,NaN,NaN
0.8620689655172413,0.10344827586206896,1.580076788656699,NaN,NaN,NaN
0.8620689655172413,0.1724137931034483,2.109877000501968,NaN,NaN,NaN
0.8620689655172413,0.2413793103448276,2.7050065562429944,NaN,NaN,NaN
0.8620689655172413,0.3103448275862069,3.301519923170588,NaN,NaN,NaN
0.8620689655172413,0.3793103448275862,3.906966449383995,NaN,NaN,NaN
0.8620689655172413,0.4482758620689655,4.613445098588244,NaN,NaN,NaN
0.8620689655172413,0.5172413793103449,5.349050334474308,NaN,NaN,NaN
0.8620689655172413,0.5862068965517241,6.103845507431959,NaN,NaN,NaN
0.8620689655172413,0.6551724137931034,7.017375476487764,NaN,NaN,NaN
0.8620689655172413,0.7241379310344828,8.074210652292837,NaN,NaN,NaN
0.8620689655172413,0.7931034482758621,9.340088057363902,NaN,NaN,NaN
0.8620689655172413,0.8620689655172413,10.95821328343185,NaN,NaN,NaN
0.8620689655172413,0.9310344827586207,13.253370146831731,NaN,NaN,NaN
0.9310344827586207,-0.9310344827586207,12.23200696731502,NaN,NaN,NaN
0.9310344827586207,-0.8620689655172413,4.376295686928978,NaN,NaN,NaN
0.9310344827586207,-0.7931034482758621,0.7914019965510393,NaN,NaN,NaN
0.9310344827586207,-0.7241379310344828,-1.0633248642105737,NaN,NaN,NaN
0.9310344827586207,-0.6551724137931034,-1.9257851890472009,NaN,NaN,NaN
0.9310344827586207,-0.5862068965517241,-2.299452542635531,NaN,NaN,NaN
0.9310344827586207,-0.5172413793103449,-2.4070854732522826,NaN,NaN,NaN
0.9310344827586207,-0.4482758620689655,-2.353597302782345,NaN,NaN,NaN
0.9310344827586207,-0.3793103448275862,-2.075230123648345,NaN,NaN,NaN
0.9310344827586207,-0.3103448275862069,-1.7204684272580082,NaN,NaN,NaN
0.9310344827586207,-0.2413793103448276,-1.3672314264029963,NaN,NaN,NaN
0.9310344827586207,-0.1724137931034483,-0.8538184783912092,NaN,NaN,NaN
0.9310344827586207,-0.10344827586206896,-0.3607569158241221,NaN,NaN,NaN
0.9310344827586207,-0.034482758620689655,0.20507490217190236,NaN,NaN,NaN
0.9310344827586207,0.034482758620689655,0.7267925507269369,NaN,NaN,NaN
0.9310344827586207,0.10344827586206896,1.3426589292576585,NaN,NaN,NaN
0.9310344827586207,0.1724137931034483,1.9272894873593511,NaN,NaN,NaN
0.9310344827586207,0.2413793103448276,2.5412568613533484,NaN,NaN,NaN
0.9310344827586207,0.3103448275862069,3.223019133893564,NaN,NaN,NaN
0.9310344827586207,0.3793103448275862,3.8783472683811153,NaN,NaN,NaN
0.9310344827586207,0.4482758620689655,4.5603585713745405,NaN,NaN,NaN
0.9310344827586207,0.5172413793103449,5.283141579810007,NaN,NaN,NaN
0.9310344827586207,0.5862068965517241,6.053187899896336,NaN,NaN,NaN
0.9310344827586207,0.6551724137931034,6.857052506182126,NaN,NaN,NaN
0.9310344827586207,0.7241379310344828,7.80460313666192,NaN,NaN,NaN
0.9310344827586207,0.7931034482758621,8.91119804826377,NaN,NaN,NaN
0.9310344827586207,0.8620689655172413,10.390495969157087,NaN,NaN,NaN
0.9310344827586207,0.9310344827586207,12.689070317833627,NaN,NaN,NaN
